{
  "config": {
    "log_transform": false,
    "delta_x": 1e-12,
    "delta_s": 1e-10,
    "baseline_type": "robust_pca",
    "baseline_rank": 2,
    "falsity_map": "exponential",
    "falsity_params": null,
    "n_components": 5,
    "rho_I": 1.0,
    "rho_F": 1.0,
    "lambda_F": 1.0,
    "epsilon": 1e-10,
    "gamma": 0.7,
    "run_mineral_inference": true,
    "mineral_eta": 1.0,
    "mineral_tau_s": 0.01,
    "mineral_tau_r": 1.0,
    "run_thermodynamic_validation": true,
    "si_threshold": 0.5
  },
  "model": {
    "n_components": 5,
    "r2_train": 0.965426045649398,
    "explained_variance": [
      0.00022237862944808764,
      0.9353723838889539,
      0.002540099930811931,
      0.026638418875756107,
      0.0024467310124477643
    ]
  },
  "nvip": {
    "VIP_agg": [
      0.058570961743011414,
      1.4777929850459766,
      0.6585240123862046,
      0.07855451792525998,
      0.08694321439452579,
      1.5687175758224754,
      2.419536668887099,
      0.05154045112037421,
      0.08404180225052858,
      0.08309328160597645,
      0.18345861992713997
    ],
    "VIP_T": [
      0.02040427045091421,
      1.473768494856018,
      0.6520456093663138,
      0.05103030843847349,
      0.021679188223207788,
      1.5658535252256796,
      2.417341432396423,
      0.0063268037461904235,
      0.04970991071175679,
      0.03650509511279888,
      0.14112786650804132
    ],
    "VIP_I": [
      0.045960208043382744,
      0.10000996713949588,
      0.07895450790644161,
      0.05209322156227946,
      0.07460392618610444,
      0.08621047336291601,
      0.09750696585321675,
      0.036433868913513266,
      0.05745248471531061,
      0.06604509670667606,
      0.10305647527800274
    ],
    "VIP_F": [
      0.030031360000443402,
      0.04331901076527503,
      0.047503514360416756,
      0.02920644063229058,
      0.03903062291142029,
      0.039310615807918184,
      0.03332390911923404,
      0.035902128795404394,
      0.03593273302412605,
      0.03478385659844836,
      0.05585117208916641
    ]
  },
  "attribution": {
    "n_ions": 11,
    "n_baseline_ions": 4,
    "n_perturbation_ions": 4,
    "n_mixed_ions": 3,
    "baseline_ions": [
      "EC",
      "Na",
      "Ca",
      "Cl"
    ],
    "perturbation_ions": [
      "pH",
      "Mg",
      "SO4",
      "NO3"
    ],
    "mean_pi_G": 0.5204326722758208,
    "mean_NSR": 96.32314348320833,
    "n_samples": 34,
    "G_mean": 0.8478214102748031,
    "G_std": 0.08024439732473848,
    "G_median": 0.8513619028315631,
    "frac_baseline_samples": 0.9411764705882353,
    "frac_perturbation_samples": 0.0,
    "classification_threshold": 0.7
  },
  "feature_names": [
    "pH",
    "EC",
    "Na",
    "K",
    "Mg",
    "Ca",
    "Cl",
    "SO4",
    "HCO3",
    "NO3",
    "F"
  ]
}